raceId,year,circuitId,name
1,2009,1,Australian Grand Prix
2,2009,2,Malaysian Grand Prix
3,2009,17,Chinese Grand Prix
4,2009,3,Bahrain Grand Prix
5,2009,4,Spanish Grand Prix
6,2009,6,Monaco Grand Prix
7,2009,5,Turkish Grand Prix
8,2009,9,British Grand Prix
9,2009,20,German Grand Prix
10,2009,11,Hungarian Grand Prix
11,2009,12,European Grand Prix
12,2009,13,Belgian Grand Prix
13,2009,14,Italian Grand Prix
14,2009,15,Singapore Grand Prix
15,2009,22,Japanese Grand Prix
16,2009,18,Brazilian Grand Prix
17,2009,24,Abu Dhabi Grand Prix
18,2008,1,Australian Grand Prix
19,2008,2,Malaysian Grand Prix
20,2008,3,Bahrain Grand Prix
21,2008,4,Spanish Grand Prix
22,2008,5,Turkish Grand Prix
23,2008,6,Monaco Grand Prix
24,2008,7,Canadian Grand Prix
25,2008,8,French Grand Prix
26,2008,9,British Grand Prix
27,2008,10,German Grand Prix
28,2008,11,Hungarian Grand Prix
29,2008,12,European Grand Prix
30,2008,13,Belgian Grand Prix
31,2008,14,Italian Grand Prix
32,2008,15,Singapore Grand Prix
33,2008,16,Japanese Grand Prix
34,2008,17,Chinese Grand Prix
35,2008,18,Brazilian Grand Prix
36,2007,1,Australian Grand Prix
37,2007,2,Malaysian Grand Prix
38,2007,3,Bahrain Grand Prix
39,2007,4,Spanish Grand Prix
40,2007,6,Monaco Grand Prix
41,2007,7,Canadian Grand Prix
42,2007,19,United States Grand Prix
43,2007,8,French Grand Prix
44,2007,9,British Grand Prix
45,2007,20,European Grand Prix
46,2007,11,Hungarian Grand Prix
47,2007,5,Turkish Grand Prix
48,2007,14,Italian Grand Prix
49,2007,13,Belgian Grand Prix
50,2007,16,Japanese Grand Prix
51,2007,17,Chinese Grand Prix
52,2007,18,Brazilian Grand Prix
53,2006,3,Bahrain Grand Prix
54,2006,2,Malaysian Grand Prix
55,2006,1,Australian Grand Prix
56,2006,21,San Marino Grand Prix
57,2006,20,European Grand Prix
58,2006,4,Spanish Grand Prix
59,2006,6,Monaco Grand Prix
60,2006,9,British Grand Prix
61,2006,7,Canadian Grand Prix
62,2006,19,United States Grand Prix
63,2006,8,French Grand Prix
64,2006,10,German Grand Prix
65,2006,11,Hungarian Grand Prix
66,2006,5,Turkish Grand Prix
67,2006,14,Italian Grand Prix
68,2006,17,Chinese Grand Prix
69,2006,22,Japanese Grand Prix
70,2006,18,Brazilian Grand Prix
71,2005,1,Australian Grand Prix
72,2005,2,Malaysian Grand Prix
73,2005,3,Bahrain Grand Prix
74,2005,21,San Marino Grand Prix
75,2005,4,Spanish Grand Prix
76,2005,6,Monaco Grand Prix
77,2005,20,European Grand Prix
78,2005,7,Canadian Grand Prix
79,2005,19,United States Grand Prix
80,2005,8,French Grand Prix
81,2005,9,British Grand Prix
82,2005,10,German Grand Prix
83,2005,11,Hungarian Grand Prix
84,2005,5,Turkish Grand Prix
85,2005,14,Italian Grand Prix
86,2005,13,Belgian Grand Prix
87,2005,18,Brazilian Grand Prix
88,2005,22,Japanese Grand Prix
89,2005,17,Chinese Grand Prix
90,2004,1,Australian Grand Prix
91,2004,2,Malaysian Grand Prix
92,2004,3,Bahrain Grand Prix
93,2004,21,San Marino Grand Prix
94,2004,4,Spanish Grand Prix
95,2004,6,Monaco Grand Prix
96,2004,20,European Grand Prix
97,2004,7,Canadian Grand Prix
98,2004,19,United States Grand Prix
99,2004,8,French Grand Prix
100,2004,9,British Grand Prix
101,2004,10,German Grand Prix
102,2004,11,Hungarian Grand Prix
103,2004,13,Belgian Grand Prix
104,2004,14,Italian Grand Prix
105,2004,17,Chinese Grand Prix
106,2004,22,Japanese Grand Prix
107,2004,18,Brazilian Grand Prix
337,2010,3,Bahrain Grand Prix
338,2010,1,Australian Grand Prix
339,2010,2,Malaysian Grand Prix
340,2010,17,Chinese Grand Prix
341,2010,4,Spanish Grand Prix
342,2010,6,Monaco Grand Prix
343,2010,5,Turkish Grand Prix
344,2010,7,Canadian Grand Prix
345,2010,12,European Grand Prix
346,2010,9,British Grand Prix
347,2010,10,German Grand Prix
348,2010,11,Hungarian Grand Prix
349,2010,13,Belgian Grand Prix
350,2010,14,Italian Grand Prix
351,2010,15,Singapore Grand Prix
352,2010,22,Japanese Grand Prix
353,2010,35,Korean Grand Prix
354,2010,18,Brazilian Grand Prix
355,2010,24,Abu Dhabi Grand Prix
841,2011,1,Australian Grand Prix
842,2011,2,Malaysian Grand Prix
843,2011,17,Chinese Grand Prix
844,2011,5,Turkish Grand Prix
845,2011,4,Spanish Grand Prix
846,2011,6,Monaco Grand Prix
847,2011,7,Canadian Grand Prix
848,2011,12,European Grand Prix
849,2011,9,British Grand Prix
850,2011,20,German Grand Prix
851,2011,11,Hungarian Grand Prix
852,2011,13,Belgian Grand Prix
853,2011,14,Italian Grand Prix
854,2011,15,Singapore Grand Prix
855,2011,22,Japanese Grand Prix
856,2011,35,Korean Grand Prix
857,2011,68,Indian Grand Prix
858,2011,24,Abu Dhabi Grand Prix
859,2011,18,Brazilian Grand Prix
860,2012,1,Australian Grand Prix
861,2012,2,Malaysian Grand Prix
862,2012,17,Chinese Grand Prix
863,2012,3,Bahrain Grand Prix
864,2012,4,Spanish Grand Prix
865,2012,6,Monaco Grand Prix
866,2012,7,Canadian Grand Prix
867,2012,12,European Grand Prix
868,2012,9,British Grand Prix
869,2012,10,German Grand Prix
870,2012,11,Hungarian Grand Prix
871,2012,13,Belgian Grand Prix
872,2012,14,Italian Grand Prix
873,2012,15,Singapore Grand Prix
874,2012,22,Japanese Grand Prix
875,2012,35,Korean Grand Prix
876,2012,68,Indian Grand Prix
877,2012,24,Abu Dhabi Grand Prix
878,2012,69,United States Grand Prix
879,2012,18,Brazilian Grand Prix
880,2013,1,Australian Grand Prix
881,2013,2,Malaysian Grand Prix
882,2013,17,Chinese Grand Prix
883,2013,3,Bahrain Grand Prix
884,2013,4,Spanish Grand Prix
885,2013,6,Monaco Grand Prix
886,2013,7,Canadian Grand Prix
887,2013,9,British Grand Prix
888,2013,20,German Grand Prix
890,2013,11,Hungarian Grand Prix
891,2013,13,Belgian Grand Prix
892,2013,14,Italian Grand Prix
893,2013,15,Singapore Grand Prix
894,2013,35,Korean Grand Prix
895,2013,22,Japanese Grand Prix
896,2013,68,Indian Grand Prix
897,2013,24,Abu Dhabi Grand Prix
898,2013,69,United States Grand Prix
899,2013,18,Brazilian Grand Prix
900,2014,1,Australian Grand Prix
901,2014,2,Malaysian Grand Prix
902,2014,3,Bahrain Grand Prix
903,2014,17,Chinese Grand Prix
904,2014,4,Spanish Grand Prix
905,2014,6,Monaco Grand Prix
906,2014,7,Canadian Grand Prix
907,2014,70,Austrian Grand Prix
908,2014,9,British Grand Prix
909,2014,10,German Grand Prix
910,2014,11,Hungarian Grand Prix
911,2014,13,Belgian Grand Prix
912,2014,14,Italian Grand Prix
913,2014,15,Singapore Grand Prix
914,2014,22,Japanese Grand Prix
915,2014,71,Russian Grand Prix
916,2014,69,United States Grand Prix
917,2014,18,Brazilian Grand Prix
918,2014,24,Abu Dhabi Grand Prix
931,2015,6,Monaco Grand Prix
932,2015,7,Canadian Grand Prix
929,2015,3,Bahrain Grand Prix
930,2015,4,Spanish Grand Prix
928,2015,17,Chinese Grand Prix
926,2015,1,Australian Grand Prix
927,2015,2,Malaysian Grand Prix
933,2015,70,Austrian Grand Prix
934,2015,9,British Grand Prix
936,2015,11,Hungarian Grand Prix
937,2015,13,Belgian Grand Prix
938,2015,14,Italian Grand Prix
939,2015,15,Singapore Grand Prix
940,2015,22,Japanese Grand Prix
941,2015,71,Russian Grand Prix
942,2015,69,United States Grand Prix
943,2015,32,Mexican Grand Prix
944,2015,18,Brazilian Grand Prix
945,2015,24,Abu Dhabi Grand Prix
948,2016,1,Australian Grand Prix
949,2016,3,Bahrain Grand Prix
950,2016,17,Chinese Grand Prix
951,2016,71,Russian Grand Prix
952,2016,4,Spanish Grand Prix
953,2016,6,Monaco Grand Prix
954,2016,7,Canadian Grand Prix
955,2016,73,European Grand Prix
956,2016,70,Austrian Grand Prix
957,2016,9,British Grand Prix
958,2016,11,Hungarian Grand Prix
959,2016,10,German Grand Prix
960,2016,13,Belgian Grand Prix
961,2016,14,Italian Grand Prix
962,2016,15,Singapore Grand Prix
963,2016,2,Malaysian Grand Prix
964,2016,22,Japanese Grand Prix
965,2016,69,United States Grand Prix
966,2016,32,Mexican Grand Prix
967,2016,18,Brazilian Grand Prix
968,2016,24,Abu Dhabi Grand Prix
969,2017,1,Australian Grand Prix
970,2017,17,Chinese Grand Prix
971,2017,3,Bahrain Grand Prix
972,2017,71,Russian Grand Prix
973,2017,4,Spanish Grand Prix
974,2017,6,Monaco Grand Prix
975,2017,7,Canadian Grand Prix
976,2017,73,Azerbaijan Grand Prix
977,2017,70,Austrian Grand Prix
978,2017,9,British Grand Prix
979,2017,11,Hungarian Grand Prix
980,2017,13,Belgian Grand Prix
981,2017,14,Italian Grand Prix
982,2017,15,Singapore Grand Prix
983,2017,2,Malaysian Grand Prix
984,2017,22,Japanese Grand Prix
985,2017,69,United States Grand Prix
986,2017,32,Mexican Grand Prix
987,2017,18,Brazilian Grand Prix
988,2017,24,Abu Dhabi Grand Prix
989,2018,1,Australian Grand Prix
990,2018,3,Bahrain Grand Prix
991,2018,17,Chinese Grand Prix
992,2018,73,Azerbaijan Grand Prix
993,2018,4,Spanish Grand Prix
994,2018,6,Monaco Grand Prix
995,2018,7,Canadian Grand Prix
996,2018,34,French Grand Prix
997,2018,70,Austrian Grand Prix
998,2018,9,British Grand Prix
999,2018,10,German Grand Prix
1000,2018,11,Hungarian Grand Prix
1001,2018,13,Belgian Grand Prix
1002,2018,14,Italian Grand Prix
1003,2018,15,Singapore Grand Prix
1004,2018,71,Russian Grand Prix
1005,2018,22,Japanese Grand Prix
1006,2018,69,United States Grand Prix
1007,2018,32,Mexican Grand Prix
1008,2018,18,Brazilian Grand Prix
1009,2018,24,Abu Dhabi Grand Prix
